Name,Subject,Score,Year
Doll,English,78,1993
Grier,Science,48,1971
Stu,Math,52,2015
Ella,Science,10,2023
Herby,Science,39,1979
Travus,English,77,2010
Vlad,Math,13,1981
Gradeigh,Art,89,2019
Terencio,History,0,2016
Gae,Science,47,2007
Mayne,English,18,1969
Patin,Science,76,2010
Udale,History,4,2019
Virgilio,Geography,41,1984
Celka,Plumbing,86,1973
Martha,Art,66,1992
Brok,Art,83,2013
Concordia,History,88,2016
Papagena,Art,45,2004
Luce,Math,43,1974
Alta,Art,85,1997
Laurene,English,27,2002
Kay,History,15,1970
Lorita,Science,24,1969
Robinet,History,92,1991
Christophe,English,97,1979
Samaria,History,38,1982
Morty,Science,3,1991
Ev,Math,77,2022
Alena,History,52,1991
Filbert,English,93,1987
Mella,English,97,1984
Ekaterina,Art,100,1967
Corney,Plumbing,59,1983
Levin,Plumbing,57,2020
Gilberte,Science,69,1993
Teodoro,Science,74,2008
Cammie,History,72,2020
Justus,Science,99,2021
Torrie,Plumbing,32,2024
Emory,Art,79,1969
El,History,35,2013
Bernadene,English,71,1997
Rubie,History,14,1993
Earl,History,100,1997
Shanna,Geography,0,1968
Marti,Plumbing,6,1986
Andree,English,78,1971
Mellisent,Plumbing,100,1982
Erek,Art,64,2005
Aubree,Math,86,2010
Ulick,English,3,1985
Abby,Plumbing,91,1973
Stephen,Geography,50,1972
Westbrook,Science,79,1968
Ernesta,Plumbing,49,1984
Lucho,Math,68,1997
Birdie,Science,37,2001
Frankie,History,15,2020
Edvard,Plumbing,67,1975
Grantley,Geography,46,2003
Georgina,English,7,2003
Chaim,Math,83,1989
Stormie,History,28,2010
Marnia,Plumbing,60,1970
Amye,Plumbing,88,1995
Giusto,Plumbing,87,1972
Devondra,English,19,2018
Allen,Plumbing,90,1975
Geneva,English,68,2005
Gratiana,English,53,2012
Gibbie,History,98,2020
Marleah,Math,56,2021
Sonni,Science,58,1968
Alejoa,English,42,2010
Auroora,Geography,69,1979
Afton,Art,70,1972
Verge,Plumbing,81,2005
Glad,Science,73,1991
Wernher,Geography,76,1986
Breanne,Geography,10,2011
Starla,Geography,16,2015
Forest,English,38,1978
Alejandro,English,86,1969
Merrick,History,100,1978
Shepard,English,16,1992
Bonnibelle,Science,26,2005
Mariette,English,95,2023
Marcello,English,90,2007
Paulo,English,16,2000
Consolata,Art,90,1982
Caddric,Science,79,2020
Vallie,English,2,1976
Rudiger,Art,22,1969
Bud,History,22,2013
Xymenes,History,45,1984
Erv,History,15,1970
Willie,Geography,9,2007
Brose,Plumbing,32,1972
Fiann,Plumbing,24,1974
Artemas,English,37,1988
Lusa,Math,63,2021
Belia,Plumbing,11,1980
Hank,English,61,2011
Billy,Plumbing,27,2015
Garek,English,33,1988
Jeremiah,Art,6,2002
Tami,History,2,2023
Amby,Plumbing,89,1987
Duky,Science,24,1973
Hillyer,Science,96,1984
Dory,History,75,2002
Othilia,Art,27,2015
Jim,History,11,1981
Maddalena,English,78,1971
Berenice,Art,4,1967
Laetitia,Plumbing,95,2019
Neddie,Math,1,2018
Hunt,Geography,69,1967
Rahel,Plumbing,13,1975
Alyss,Math,97,1990
Grace,English,51,1970
Sim,History,0,1988
Noe,Art,2,2005
Linus,Geography,95,1972
Analiese,Art,34,1979
Jonathan,English,74,1993
Odey,Plumbing,98,2021
Timoteo,Art,75,1998
Midge,Math,20,1970
Jess,Geography,94,2000
Nial,Science,8,1978
Alva,Geography,74,2013
Marlin,English,32,1995
Jedidiah,English,73,1989
Reagen,Math,85,1993
Ashlin,Geography,8,1981
Desmund,Math,10,1986
Melantha,Art,77,1974
Kinnie,Science,78,1993
Noel,Science,66,2013
Josh,English,38,1981
Zachery,Geography,66,1982
Lilllie,Geography,63,2006
Dasha,Math,38,1971
Kandy,Art,77,1988
Shelagh,Art,66,1975
Anna-diane,Geography,55,1985
Hallie,English,53,2012
Aldin,Math,71,2000
Stormy,English,13,1976
Stanleigh,Plumbing,97,1972
Neale,Science,27,1968
Gussy,Geography,37,1985
Willa,History,45,1970
Riki,Art,75,1976
Daphna,Math,50,2015
Chuck,History,88,2002
Wrennie,English,93,2008
Aldis,English,43,2023
Emmit,History,17,2020
Sigfried,Plumbing,94,1997
Robbin,Math,10,1981
Malvina,English,11,2009
Gunilla,Science,79,2023
Moe,History,56,1989
Barnabas,Art,14,1970
Kylen,History,77,1967
Jermain,English,84,2011
Christa,Math,12,2012
Nananne,English,7,2007
Vivienne,Plumbing,87,1989
Lev,English,85,2013
Sher,English,69,2016
Coral,Art,62,2022
Norbie,Science,24,1987
Catriona,Plumbing,61,1995
Alessandra,Plumbing,0,1975
Ravi,English,69,1977
Miriam,Geography,40,2021
Jehanna,Science,55,1995
Wilt,English,18,2003
Tish,Plumbing,26,2002
Guglielma,Science,71,1978
Harold,Geography,64,2006
Kirsteni,Math,38,2007
Jermain,English,24,2018
Devondra,English,89,1972
Marjie,English,91,2001
Lorry,Math,63,2012
Jacinta,Geography,23,2008
Chere,History,21,1979
Chere,History,48,1995
Deane,Science,97,1986
Marris,Science,74,1997
Dollie,English,45,1975
Felecia,English,56,1993
Sallie,Art,75,2020
Merill,Math,22,2016
Vlad,English,0,1990
Loella,English,17,1984
Foster,Plumbing,1,1969
Jae,English,40,1994
Leola,English,90,1981
Amelita,Math,48,1968
Corie,Art,85,2023
Gale,English,48,1994
Zora,Plumbing,15,1967
Lorrin,English,80,1995
Pietrek,Art,36,1979
Bobbie,English,73,1976
Sorcha,Math,15,1993
Agata,Plumbing,68,1975
Valma,Plumbing,4,1978
Cherie,English,30,2010
Perren,Science,88,1980
Cordell,Plumbing,25,2020
Sigrid,History,19,1985
Griff,English,89,2024
Kiri,English,15,1978
Jackqueline,Math,51,1973
Abigale,Science,49,1998
Tracey,Science,70,1981
Joshua,Science,56,1990
Brianna,History,81,1967
Irina,Art,71,2024
Jermaine,Plumbing,50,2000
Mirabelle,English,24,1995
Clerc,English,41,2024
Vickie,English,23,1984
Ripley,Math,31,1985
Tammy,Art,9,1996
Conny,Science,31,2002
Marysa,Art,14,1989
Marlo,Plumbing,41,1999
Amory,History,78,1972
Minna,Art,4,1983
Balduin,Science,13,2004
Misha,Math,97,1981
Paton,Geography,29,1979
Finley,Math,64,1995
Milissent,Plumbing,7,1992
Ruben,Science,74,1995
Modesty,Geography,78,2016
Ingaberg,Plumbing,30,1992
Erroll,English,9,2011
Kendra,English,42,2019
Hamel,Science,41,1990
Lewiss,Science,40,2003
Lindsay,Science,66,2007
Karrah,Plumbing,31,2019
Eal,English,26,1985
Aloise,Plumbing,38,1995
Ric,Plumbing,91,2019
Terrance,Plumbing,88,2000
Madelena,Science,70,2021
Lorie,English,31,1973
Rebekkah,English,36,2003
Flss,English,32,1976
Lurleen,History,61,1969
Diann,Science,64,2014
Jonell,English,6,2002
Wilow,English,13,2013
Conchita,History,94,1983
Nari,Science,3,2021
Juanita,Geography,14,1984
L;urette,Plumbing,50,1980
Johnathan,Math,76,2009
Adelaide,Science,35,1979
Beatriz,Science,57,2009
Alanson,English,42,1986
Normie,English,51,1977
Mile,History,4,1971
Barbey,Math,47,2024
Jayne,History,16,1990
Drew,History,39,1996
Cynthia,English,25,2010
Collie,Plumbing,91,2012
Hilly,Geography,43,1990
Nick,English,7,2015
Kermit,Geography,42,1974
Hew,English,49,1993
Stillman,History,7,1989
Borden,Art,95,2015
Durand,History,41,2007
Johnathon,English,50,1999
Darrel,Science,17,2008
Milissent,English,33,2018
Johan,English,0,1994
Shari,Math,59,2017
Filip,Art,87,1976
Inna,Geography,12,2006
Lotty,Science,95,2003
Marcie,Plumbing,64,1967
Trula,English,20,2024
Orin,Geography,80,2001
Scot,History,48,1977
Florance,Art,17,2023
Dominic,History,28,1967
Ced,Math,15,2015
Micheal,History,5,2011
Amelina,Geography,38,2003
Colly,English,59,1970
Ethel,Plumbing,43,1983
Dov,Math,36,1997
Saundra,English,19,2015
Sadye,Plumbing,0,1984
Merle,History,64,1992
Nessi,Plumbing,81,1978
Oren,English,23,2008
Berty,History,19,1985
Grayce,Math,40,1976
Adelina,History,77,1992
Orella,Science,56,1994
Hetty,Math,82,1971
Jemmy,Science,18,2005
Thor,English,58,1984
Raddy,History,65,1994
Clio,Science,41,2021
Virginia,Plumbing,52,2002
Bernardine,Geography,91,2014
Kizzie,English,0,1983
Marika,English,67,1988
Tori,Geography,80,1971
Joete,Science,71,2004
Nola,English,3,1977
Gael,Plumbing,82,1983
Jeffy,Art,19,1993
Fannie,Science,36,2003
Temple,Science,78,1990
Farris,Plumbing,74,1971
Alli,Science,89,1969
Patrick,Art,59,1999
Elva,Geography,86,1982
Ring,Science,78,1990
Zorina,Science,51,2015
Danika,Math,100,1971
Jarib,Science,67,2005
Pip,English,53,2012
Oran,English,43,2009
Coop,English,2,2009
Henrieta,Math,14,1986
Jacintha,Art,9,1987
Anestassia,English,35,1973
Sheena,History,79,2021
Chloris,English,13,1985
Josepha,Art,97,2019
Lucita,Art,74,1984
Ax,Art,1,2013
Tally,Plumbing,12,1990
Cinda,Plumbing,41,2015
Ced,Art,55,2022
Riobard,Plumbing,9,2020
Sydney,History,27,1975
Colline,English,69,2017
Jordan,Art,92,2011
Bank,English,3,1994
Modestine,Art,48,2021
Lanna,Science,71,2012
Joete,Geography,5,2012
Tamas,English,97,2017
Marshal,Art,90,2010
Felice,Art,57,2022
Selle,Math,5,2018
Austen,Science,61,2009
Adolpho,Math,4,1990
Kerrie,Geography,77,1995
Flossi,Geography,47,1987
Kimberlyn,Math,33,2023
Fabe,Geography,89,1975
Tam,Geography,94,1969
Angelika,English,37,2006
Mahmud,English,82,2022
Saleem,Math,45,1976
Lissy,Geography,67,1981
Arel,History,67,1970
Grier,History,17,1979
Natalina,Math,62,1973
Saundra,History,97,2019
Tabby,English,85,1969
Nikolai,Art,26,1997
Iver,English,79,2017
Paolina,English,42,2003
Cointon,Geography,20,1967
Verine,English,36,1983
Doyle,English,36,1993
Camel,Plumbing,43,2020
Annnora,Art,67,1992
Chevy,English,65,1972
Mallory,Geography,67,1993
Darby,Art,23,2022
Ettore,English,90,2014
Taite,Geography,98,2016
Hall,History,70,1967
Odele,History,3,2024
Sabra,Science,70,2015
Joel,English,25,1993
Sayers,Math,85,2008
Fay,Geography,53,2022
Caterina,History,54,2005
Lucius,History,26,2001
Sholom,Plumbing,86,2003
Birch,Art,29,2007
Massimo,Math,80,1987
Delores,History,56,1984
Cobbie,English,56,2010
Gary,Math,93,1978
Paulie,Plumbing,33,1999
Tania,Art,13,1972
Adara,Geography,7,1974
Trenna,Science,37,2001
Stacee,Geography,87,2019
Reider,History,80,1998
Rodolph,Math,49,1976
Moyna,Math,50,1973
Ange,Art,25,2023
Niki,Plumbing,79,1996
Tiena,Geography,66,1969
Kimberly,English,98,2018
Parnell,Science,26,1993
Margalit,Geography,70,2014
Eward,English,75,1987
Clarance,Math,65,2002
Pietrek,English,94,2022
Luciano,Geography,55,1977
Phelia,Art,33,1980
Toby,Math,92,2015
Catharina,English,99,1971
Lillis,Art,60,2010
Bellina,Math,76,2024
Astrix,History,86,1994
Florida,History,17,1999
Woodrow,Math,19,2005
Karlyn,Plumbing,20,1991
Mildrid,Geography,79,1985
Bax,Science,19,2002
Walton,English,45,1985
Ermin,Science,9,1972
Nerissa,Plumbing,83,2000
Nigel,English,1,2014
Selia,Geography,2,2020
Irwinn,English,44,1977
Osbourn,Math,23,1968
Gizela,Geography,36,1975
Emlyn,English,20,2008
Haroun,English,45,2003
Kevyn,English,14,2014
Tadd,Math,99,2019
Letta,Math,99,1985
Curtice,Plumbing,87,1992
Kial,Science,51,2019
Joey,Geography,39,1999
Auria,Math,87,2006
Nissa,English,2,1998
Nikolia,Geography,81,2003
Erny,English,88,1978
Charita,English,41,1994
Koenraad,Plumbing,68,1967
Hamil,Plumbing,79,2008
Tades,English,35,1992
Adele,Art,37,1985
Vail,English,99,2013
Darius,Plumbing,77,1968
Cirilo,Plumbing,43,1992
Alene,Science,9,1996
Faun,History,10,1972
Dominga,English,79,2008
Carry,Geography,69,2002
Caryl,Math,52,1978
Rossy,English,42,1995
Stanly,English,81,1988
Abner,English,94,1994
Josias,History,35,1974
Georas,English,16,2020
Arther,Plumbing,8,1967
Ruperta,Plumbing,93,1993
Charity,Science,76,2001
Kingsley,Math,82,1998
Laverne,Geography,94,1990
Donaugh,English,54,2015
Arlin,Science,35,2014
Marie-ann,Plumbing,4,2023
Jack,Math,79,1973
Blondelle,History,43,2003
Broddie,Science,16,1996
Bron,Science,40,1983
Edyth,Plumbing,87,1996
Romain,Science,77,2008
Town,English,27,1983
Rosalyn,English,65,2017
Ray,History,86,1994
Holly-anne,Art,23,2000
Tiffani,Science,9,2010
Jobi,Science,89,1979
Nicol,Art,9,1989
Webb,Plumbing,93,2000
Xever,Art,72,2015
Bebe,Plumbing,1,2022
Valida,Science,1,2003
Virginie,Math,66,1991
Cathrine,History,22,1967
Yolanda,English,77,1995
Gran,Math,86,1974
Rosalie,Geography,42,1990
Orbadiah,Art,2,1977
Arluene,Plumbing,72,1991
Katharine,English,87,1975
Emmit,Art,87,1998
Gert,Science,39,2023
Kristyn,History,27,2008
Rolph,Math,97,2005
Claiborne,Geography,26,1981
Matthaeus,Science,24,2010
Rickard,Science,41,2011
Claretta,Art,75,2017
Kelley,English,80,2004
Gabe,History,16,2023
Seamus,Geography,71,2002
Levy,Science,94,1991
Abdel,Plumbing,68,1985
Tally,Math,21,2004
Saul,Art,30,1999
Hill,Geography,83,1971
Thorny,Science,28,2022
Ogden,Plumbing,10,2006
Fifi,Plumbing,33,2004
Claudelle,Geography,84,1978
Analiese,English,19,2002
Maritsa,English,14,1969
Tawnya,Geography,4,2023
Elmer,History,52,1995
Buddie,Geography,88,2007
Lexy,Plumbing,96,1994
Lynnett,Art,70,2016
Carina,Math,12,1973
Forester,History,8,2000
Julietta,English,42,2017
Miranda,English,3,2004
Babbette,Plumbing,76,1986
Carey,English,67,1998
Lesli,History,43,2015
Gypsy,Math,96,2004
Vernon,Art,47,1985
Sibbie,Science,94,1979
Carlie,English,74,2004
Althea,History,8,2014
Willem,Math,49,1974
Dur,English,97,2008
Ronny,History,87,1995
Luisa,Art,3,1985
Sissy,Plumbing,84,2011
Maynord,Art,56,1993
Rene,English,79,1974
Ines,English,24,1971
Agnola,Geography,95,2020
Terrence,English,27,1969
Dorris,Art,89,2000
Ollie,English,1,2016
Isabella,Art,16,1996
Filia,Math,86,2013
Evangeline,English,13,2001
Tabatha,Plumbing,18,2002
Marielle,English,16,1981
Cherida,Art,99,1979
Harv,Art,5,2004
Babara,Geography,28,1987
Gusti,Art,78,2018
Morie,Plumbing,1,1992
Almeda,English,69,1969
Bunny,History,54,2008
Harley,Science,98,2003
Sigmund,History,11,2010
Ondrea,Math,76,1973
Laurice,Art,40,1967
Porty,Plumbing,37,1972
Tim,English,33,2000
Griz,English,77,1999
Wendall,Math,86,1979
Valentia,Geography,37,1979
Antonio,Geography,96,1995
Berta,Geography,91,2018
Ronnica,Plumbing,0,1987
Kimmie,Geography,66,2023
Nat,Science,53,1997
Aili,Geography,17,2001
Deidre,Geography,84,2017
Hiram,History,13,2000
Shandee,English,12,1986
Jade,English,33,1976
Rayshell,Science,11,1979
Aldo,English,22,2024
Charlot,English,68,2006
Mechelle,Geography,37,1979
Jaquenetta,History,80,1983
Nataniel,Science,8,1978
Lonnard,Plumbing,55,1971
Carmine,Plumbing,6,2010
Shirley,English,98,2001
Etan,Plumbing,61,1992
Lawrence,Geography,56,1969
Elga,English,7,1993
Hunfredo,Art,29,1981
Ketty,English,39,1976
Kahaleel,Geography,18,1990
Herve,Geography,29,1967
Mamie,Plumbing,100,1987
Ginnifer,History,56,2007
Ninon,Plumbing,54,2017
Odetta,English,50,1991
Griff,English,9,2020
Gizela,English,61,2009
Maureene,History,92,1991
Andris,History,62,1994
Tobit,Geography,37,2019
Basia,Art,27,1995
Natasha,Geography,84,2020
Vite,Art,30,2000
Lemuel,Plumbing,26,2002
Irvin,English,91,2011
Reidar,Math,16,1985
Timothy,Science,65,2024
Hestia,Art,20,1973
Chanda,History,75,1976
Sven,Science,95,2000
Ashlee,Art,23,2008
Leodora,English,23,1967
Lowell,Art,98,2008
Nichols,Art,26,1998
Nadya,Science,62,1978
Waverley,Science,62,1995
Wolfgang,Art,21,2011
Neely,English,2,1993
Leisha,Plumbing,93,2009
Jack,English,17,1968
Cherish,English,79,1979
Audra,History,55,1999
Anna-diane,English,96,1995
Hanny,English,21,1991
Rubina,History,64,1989
Brew,English,71,1978
Fons,Science,94,1977
Toiboid,English,6,1970
Pet,Plumbing,92,2019
Juanita,English,33,1978
Harman,History,13,1984
Silvano,Geography,89,2009
Terrye,Art,40,2023
Deb,English,46,2008
Ferdinand,English,85,1983
Leigh,Plumbing,66,1969
Vickie,Math,42,1987
Orion,Science,39,2024
Lorine,Art,58,1995
Anitra,Math,81,1973
Nerte,English,82,1989
Lora,Math,33,2002
Emmalyn,Math,30,2014
Quintilla,Plumbing,55,2003
Clemmie,Plumbing,9,1989
Stinky,English,12,2023
Somerset,Math,91,1975
Welby,Math,6,2019
Ulla,English,72,2023
Evered,Plumbing,24,1968
Bee,Art,61,1974
Jeanine,Art,38,1992
Mellicent,English,63,2002
Abdul,Math,30,1980
Karola,Math,66,2006
Cthrine,Art,22,1970
Rudd,English,46,2005
Valry,Plumbing,74,1987
Marietta,History,3,1973
Rod,Science,48,1980
Cary,English,48,1981
Warner,History,7,1980
Loydie,Art,44,2018
Kinna,Math,92,2021
Alvan,Science,71,1973
Dora,Science,30,1984
Babara,English,25,1973
Megan,Geography,48,2009
Sheffy,Geography,15,2008
Rayner,Plumbing,78,2001
Gay,Science,82,2012
Jeanie,Plumbing,100,2003
Kerby,Art,8,1999
Georgie,Science,20,1967
Celestia,Geography,55,1986
Lance,English,45,2022
Fields,Plumbing,27,1975
Packston,Science,8,1995
Berrie,Plumbing,65,1988
Darius,Geography,20,1979
Correy,English,98,1992
Tomaso,Science,72,1984
Tedi,Plumbing,21,2009
Benita,Math,76,2012
Chane,History,43,1971
Olly,History,43,1967
Angie,Science,68,1987
Marlo,Science,19,2021
Milzie,Plumbing,81,1977
Gabrila,Math,0,2016
Leesa,English,33,1967
Luke,Math,4,1998
Aldridge,History,38,2017
Erroll,English,86,1983
Launce,Plumbing,44,1975
Desirae,Art,25,1968
Putnem,History,50,1996
Laverne,History,73,1977
Marlee,English,3,2006
Terrijo,English,42,1990
Manon,Plumbing,14,1985
Willetta,Art,32,1984
Ichabod,Art,15,2010
Davy,Art,13,1986
Lydon,Plumbing,22,1975
Jeanette,Plumbing,29,2006
Kerstin,History,18,2018
Allyson,Plumbing,70,1975
Carey,English,31,1997
Gabbie,Math,80,2010
Tailor,English,36,1984
Piggy,Plumbing,78,1986
Jillana,History,89,1995
Violetta,English,48,1976
Poul,Geography,31,1987
Sherline,Math,82,1977
Veronique,Math,59,2005
Roz,English,8,1969
Laureen,Geography,98,1968
Rebe,History,66,1967
Antin,Art,12,2012
Jenifer,Science,80,1986
Mirabella,Geography,46,1989
Buckie,English,82,2016
Wilhelm,Geography,84,1989
Randie,Math,41,1983
Skelly,English,82,1985
Bettye,Math,0,1980
Tadio,Geography,41,1971
Judas,History,41,2005
Marybeth,English,16,1996
Garald,Math,57,1970
Katusha,Science,98,1979
Leena,Math,87,1967
Brand,Math,66,2005
Ody,Geography,42,1994
Morton,Art,64,1995
Travers,Geography,69,1992
Odelinda,English,50,1967
Rozelle,English,59,2010
Eloise,Math,46,2019
Sarah,Math,50,2007
Sherrie,History,87,2011
Chanda,Plumbing,37,1981
Alessandra,Plumbing,83,2015
Sawyere,English,32,1968
Devin,Geography,16,2000
Erhart,History,53,2012
Isabelita,English,16,1998
Tressa,English,99,1985
Obediah,Geography,69,2013
Bogey,Geography,61,1993
Kenna,English,20,1982
Harcourt,Science,11,1999
Vin,Plumbing,42,1979
Cate,Math,63,2003
Kingsly,Art,47,2008
Jenn,Geography,93,2016
Rourke,Geography,98,2019
Matthew,Math,23,1969
Nathanil,English,11,2005
Blinni,History,2,1976
Shannah,Science,0,1998
Alberto,Art,15,1993
Terrijo,Plumbing,63,1989
Henka,History,35,2019
Desmond,History,25,1998
Sanford,Plumbing,42,1975
Stanly,History,17,1977
Rossie,English,69,1996
Catherine,History,64,1978
Dacey,Science,37,1974
Travis,English,3,2013
Eleanor,English,79,2006
Lana,History,18,2006
Duffie,English,53,1967
Brander,Geography,99,2020
Jamal,Geography,46,1976
Henrietta,Science,27,2017
Cathe,Plumbing,26,2007
Royal,Science,43,1995
Tommie,Art,26,1972
Hermine,Math,54,2013
Ashly,English,77,1986
Bennie,English,33,1992
Emily,Science,93,2019
Cosimo,English,43,2001
Mattie,Science,15,2020
Kial,History,85,1978
Fredrika,Math,41,1990
Graham,Science,95,1998
Terry,Geography,2,1976
Amberly,Geography,26,1987
Nolie,Art,22,2006
Rodie,Geography,46,2002
Lanae,Geography,84,1991
Jdavie,Art,99,2023
Flem,Plumbing,90,1985
Dani,Science,80,1973
Virge,Art,54,1990
Randee,Art,50,1967
Hedwig,English,7,1983
Heywood,Geography,100,1994
Gaile,English,42,1982
Rudolf,Geography,22,2015
Meier,History,95,1990
Nanni,Science,50,2004
Jennette,Plumbing,43,1999
Arvy,Plumbing,58,1972
Giulio,Science,75,1994
Cynthia,History,73,1969
Tish,English,61,1983
Dwight,Science,51,1971
Greer,Math,50,2022
Phil,Math,17,1971
Chandler,Math,82,1981
Kendra,English,43,2018
Noble,English,12,2022
Frederica,Geography,7,1982
Lewie,Plumbing,40,2010
Yolanthe,Science,94,1994
Cale,Plumbing,18,1974
Oliy,English,9,2022
Carmelina,English,82,2014
Blondell,English,78,1985
Sigfried,English,83,1969
Krysta,Art,92,1992
Teddy,History,51,2011
Chad,English,64,2021
Addy,English,62,1990
Ula,Science,28,2013
Kirsti,Math,22,1998
Nettie,Art,13,1984
Chicky,History,46,2021
Candie,English,3,2022
Kurtis,Plumbing,72,1978
Sigmund,Art,4,1974
Josselyn,Science,2,2018
Reinald,Plumbing,72,1969
Cheri,History,20,2003
Andonis,Geography,21,2023
Brook,Plumbing,91,2008
Lenora,Plumbing,69,1990
Isidoro,Geography,55,2021
Elise,English,31,1972
Rey,Plumbing,53,2004
Chrysler,English,67,1994
Malynda,English,77,2013
Agnes,Math,39,1986
Darci,Science,22,1984
Etti,English,55,1986
Cassondra,Art,1,1975
Sol,Math,60,1972
Adore,Math,50,2017
Genni,Geography,27,1988
Roxie,Geography,27,1978
Waylon,English,26,2002
Joleen,Art,0,2002
Domingo,Science,74,2021
Fairfax,Science,73,2000
Lilyan,English,80,1992
Addie,Art,98,1990
Evangelina,History,95,1994
Beale,Geography,48,1991
Bryon,Plumbing,26,2014
Candie,Art,11,1987
Katinka,Math,40,2013
Bunni,History,44,2015
Paulie,Math,97,2021
Thorndike,English,81,1970
Aloin,History,82,1971
Giulia,Math,3,2012
Devlen,Science,41,1969
Berna,Science,24,1984
Artus,English,46,1973
Darci,Geography,76,1986
Jeanie,Art,72,2011
Flori,Math,64,1970
Mendy,Math,44,2011
Cal,English,35,2010
Jamill,History,55,2020
Camile,Art,6,1997
Carlotta,History,19,1973
Myrtie,English,42,2017
Arley,English,90,1999
Marcy,Art,56,1976
Lia,Science,42,1991
Sharai,Geography,46,2022
Arv,Geography,69,2014
Row,Geography,68,2024
Thomasine,Art,41,2016
Sula,English,7,1969
Kerrin,English,62,1984
Dawna,English,79,2004
Olwen,Art,39,1982
Star,English,16,2004
Garry,English,97,2005
Berty,History,1,1996
Catlin,Plumbing,82,2021
Marys,Art,13,2019
Torre,English,41,1975
Phylis,Math,55,2020
Marji,English,43,1987
Darbee,English,84,2022
Karlens,Geography,86,2001
Bernetta,English,42,2020
Timmy,English,65,1975
Noemi,Plumbing,96,2018
Nora,Math,25,2017
Phaedra,English,52,2008
Dasya,Art,49,1986
Rorke,Geography,27,1973
Clemens,English,81,1992
Rosalie,Art,20,1976
Miner,Plumbing,26,1987
Erminie,Math,51,2004
Perkin,Science,95,2003
Iorgo,Art,82,2016
Dalia,Science,3,2006
Isidor,Geography,44,1974
Mariel,English,75,2019
Zorah,Plumbing,31,1967
Sol,Art,76,2022
Gayle,Plumbing,17,1972
Archibaldo,History,4,1976
Stephie,Geography,98,2020
Beatrisa,History,33,2024
Bev,Art,89,2015
Tobi,Science,90,2022
Colby,English,83,2008
Christie,Math,6,2017
Corinna,Science,47,1969
Ann,Science,40,1989
Jacintha,Geography,80,1973
Ailbert,Geography,23,1971
Marylee,History,99,2009
Marissa,Math,28,1985
Glennie,Art,9,1993
Hamlen,Geography,32,2017
Florie,Math,3,1986
Luise,English,11,2018
Carley,Geography,52,1986
Estelle,Geography,10,1991
Klaus,Art,76,1987
Beatrice,English,18,1990
Desdemona,Science,13,1992
Yul,History,28,2000
Gratiana,English,66,2005
Suzi,Plumbing,23,2007
Merrielle,Geography,36,2010
Noll,History,100,1995
Adham,Plumbing,13,1971
Nancy,English,67,2004
Pembroke,English,18,2015
Ailey,Math,28,2014
Holli,Plumbing,94,2014
Paola,English,70,2003
Sidonnie,English,3,2002
Lori,English,15,1973
Melisandra,Geography,32,2014
Bette-ann,Math,67,2002
Bonita,Plumbing,31,2000
Simonne,Science,5,1969
Lynett,Science,79,1974
Osbourne,Geography,86,2000
Angel,Math,41,1983
Odette,Art,38,1979
Barbara,English,84,2015
Clem,Science,39,1973
Ingra,History,45,1977
Madelene,English,57,2014
Pavel,Plumbing,53,2002
Kinsley,Science,6,2023
Dare,Art,15,1979
Grace,Geography,8,1970
Jessy,English,51,1974
Tara,English,50,2013
Ynes,English,50,1985
Ole,Math,37,1979
Corby,Science,99,1999
Lavinie,Math,90,1992
Morty,Math,94,1983
Marleah,Plumbing,91,2008
Noland,Geography,49,2015
Dniren,English,4,1990
Karolina,Science,73,1977
